Stock,Type,Entry Time,Exit Time,Entry Price,Exit Price,Gain %
360ONE,SHORT,2025-11-07 09:16:00,2025-11-07 09:27:00,1063.4,1058.7,0.4419785593379768
360ONE,LONG,2025-11-07 09:49:00,2025-11-07 09:55:00,1066.7,1064.0,-0.2531170900909389
360ONE,LONG,2025-11-17 09:27:00,2025-11-17 09:33:00,1073.2,1068.8,-0.409988818486777
360ONE,SHORT,2025-11-18 09:58:00,2025-11-18 10:07:00,1057.6,1059.0,-0.1323751891074216
360ONE,LONG,2025-11-21 09:47:00,2025-11-21 10:17:00,1135.0,1142.1,0.6255506607929435
ABB,LONG,2025-11-03 09:35:00,2025-11-03 09:45:00,5275.0,5267.5,-0.14218009478672985
ABB,SHORT,2025-11-07 09:16:00,2025-11-07 09:29:00,5016.5,5048.5,-0.6378949466759692
ABB,SHORT,2025-11-21 09:54:00,2025-11-21 09:58:00,5105.0,5112.5,-0.14691478942213515
ABCAPITAL,SHORT,2025-11-11 09:35:00,2025-11-11 09:57:00,326.7,326.6,0.03060912151820199
ABCAPITAL,SHORT,2025-11-21 09:55:00,2025-11-21 09:58:00,325.35,325.85,-0.15368065160596278
ABCAPITAL,LONG,2025-11-24 09:50:00,2025-11-24 10:17:00,329.75,331.8,0.6216830932524674
ACC,SHORT,2025-11-04 09:51:00,2025-11-04 10:01:00,1847.4,1848.0,-0.03247807729781905
ACC,SHORT,2025-11-10 09:28:00,2025-11-10 09:31:00,1833.9,1838.7,-0.261737281203989
ACC,LONG,2025-11-10 09:52:00,2025-11-10 09:59:00,1846.4,1846.0,-0.021663778162916536
ACC,LONG,2025-11-12 09:16:00,2025-11-12 09:29:00,1855.0,1852.0,-0.16172506738544476
ACC,LONG,2025-11-12 09:49:00,2025-11-12 10:05:00,1858.9,1860.7,0.0968314594652727
ACC,LONG,2025-11-13 09:47:00,2025-11-13 09:48:00,1854.8,1850.0,-0.25878800948889125
ACC,SHORT,2025-11-14 09:52:00,2025-11-14 10:05:00,1845.2,1844.0,0.06503360069369421
ACC,LONG,2025-11-17 09:16:00,2025-11-17 09:29:00,1853.0,1851.2,-0.09713977334052643
ACC,SHORT,2025-11-18 09:51:00,2025-11-18 10:15:00,1840.8,1839.5,0.0706214689265512
ACC,SHORT,2025-11-19 09:57:00,2025-11-19 10:15:00,1837.0,1837.0,-0.0
ACC,LONG,2025-11-20 09:17:00,2025-11-20 09:26:00,1850.0,1847.8,-0.11891891891892138
ADANIENSOL,LONG,2025-11-03 09:46:00,2025-11-03 09:51:00,1004.1,997.55,-0.6523254655910834
ADANIENSOL,SHORT,2025-11-07 09:22:00,2025-11-07 09:38:00,956.75,955.05,0.17768487065587096
ADANIENSOL,LONG,2025-11-12 09:40:00,2025-11-12 09:52:00,999.45,1003.7,0.42523387863324824
ADANIENSOL,LONG,2025-11-12 09:57:00,2025-11-12 10:02:00,1017.9,1014.05,-0.3782296885745184
ADANIENSOL,LONG,2025-11-13 09:50:00,2025-11-13 10:05:00,1016.85,1016.5,-0.03442002261887424
ADANIENSOL,LONG,2025-11-14 09:47:00,2025-11-14 09:51:00,1046.95,1040.9,-0.5778690481875881
ADANIENT,LONG,2025-11-03 09:46:00,2025-11-03 09:56:00,2414.99,2414.02,-0.04016579778797428
ADANIENT,LONG,2025-11-07 09:47:00,2025-11-07 09:55:00,2260.65,2259.19,-0.06458319509875639
ADANIENT,LONG,2025-11-12 09:16:00,2025-11-12 09:19:00,2314.06,2302.62,-0.4943692039100133
ADANIENT,LONG,2025-11-14 09:47:00,2025-11-14 09:51:00,2453.77,2441.94,-0.4821152756778316
ADANIENT,LONG,2025-11-20 09:16:00,2025-11-20 09:28:00,2455.9,2466.0,0.4112545299075658
ADANIGREEN,SHORT,2025-11-04 09:54:00,2025-11-04 10:04:00,1100.2,1098.6,0.14542810398110673
ADANIGREEN,SHORT,2025-11-07 09:59:00,2025-11-07 10:04:00,1042.7,1045.9,-0.3068955596048763
ADANIGREEN,LONG,2025-11-12 09:16:00,2025-11-12 09:29:00,1057.0,1055.7,-0.12298959318826438
ADANIGREEN,LONG,2025-11-12 09:43:00,2025-11-12 10:13:00,1071.0,1086.1,1.4098972922502249
ADANIGREEN,LONG,2025-11-14 09:47:00,2025-11-14 09:51:00,1098.1,1093.2,-0.4462252982424063
ADANIGREEN,SHORT,2025-11-19 09:45:00,2025-11-19 09:54:00,1068.0,1070.4,-0.22471910112360402
ADANIGREEN,SHORT,2025-11-21 09:54:00,2025-11-21 10:09:00,1048.8,1048.0,0.07627765064835569
ADANIGREEN,SHORT,2025-11-24 09:16:00,2025-11-24 09:25:00,1019.9,1021.4,-0.14707324247475242
ADANIGREEN,SHORT,2025-11-24 09:47:00,2025-11-24 09:49:00,1016.5,1019.0,-0.24594195769798327
ADANIPORTS,LONG,2025-11-06 09:16:00,2025-11-06 09:18:00,1461.3,1445.1,-1.1086019297885477
ADANIPORTS,LONG,2025-11-12 09:43:00,2025-11-12 10:13:00,1488.4,1506.2,1.1959150765923108
ADANIPORTS,LONG,2025-11-14 09:48:00,2025-11-14 09:51:00,1519.6,1514.4,-0.3421953145564503
ADANIPORTS,SHORT,2025-11-17 09:42:00,2025-11-17 09:49:00,1508.3,1510.9,-0.17237950009945877
ADANIPORTS,SHORT,2025-11-21 09:16:00,2025-11-21 09:21:00,1477.0,1483.9,-0.4671631685849757
ADANIPORTS,SHORT,2025-11-21 09:55:00,2025-11-21 09:58:00,1475.9,1477.5,-0.10840842875532955
ALKEM,LONG,2025-11-03 09:41:00,2025-11-03 09:43:00,5541.0,5530.0,-0.1985201227215304
ALKEM,LONG,2025-11-04 09:16:00,2025-11-04 09:31:00,5654.0,5661.0,0.12380615493455961
ALKEM,SHORT,2025-11-21 09:59:00,2025-11-21 10:10:00,5668.5,5653.0,0.2734409455764311
AMBER,SHORT,2025-11-07 09:17:00,2025-11-07 09:44:00,7067.0,6809.0,3.650771190038206
AMBER,LONG,2025-11-14 09:35:00,2025-11-14 09:50:00,7270.5,7292.5,0.30259266900488274
AMBUJACEM,LONG,2025-11-04 09:16:00,2025-11-04 09:22:00,587.05,581.65,-0.9198535048121927
AMBUJACEM,SHORT,2025-11-06 09:54:00,2025-11-06 10:00:00,563.05,563.15,-0.017760412041563405
AMBUJACEM,SHORT,2025-11-11 09:39:00,2025-11-11 09:57:00,553.75,554.0,-0.04514672686230248
AMBUJACEM,LONG,2025-11-12 09:45:00,2025-11-12 10:04:00,563.55,565.4,0.32827610682282365
AMBUJACEM,LONG,2025-11-14 09:47:00,2025-11-14 09:51:00,564.5,563.2,-0.23029229406553667
AMBUJACEM,LONG,2025-11-20 09:16:00,2025-11-20 09:25:00,559.7,558.9,-0.14293371448991748
ANGELONE,LONG,2025-11-10 09:40:00,2025-11-10 09:54:00,2663.3,2655.9,-0.27785078661810875
ANGELONE,LONG,2025-11-12 09:16:00,2025-11-12 09:20:00,2655.1,2646.6,-0.32013860118262966
ANGELONE,LONG,2025-11-12 09:34:00,2025-11-12 09:58:00,2679.8,2698.0,0.6791551608328912
ANGELONE,LONG,2025-11-20 09:36:00,2025-11-20 09:40:00,2830.1,2821.3,-0.3109430762163785
ANGELONE,SHORT,2025-11-21 09:16:00,2025-11-21 09:21:00,2800.1,2804.4,-0.15356594407343244
APLAPOLLO,LONG,2025-11-06 09:20:00,2025-11-06 09:28:00,1799.1,1794.0,-0.28347507086876267
APOLLOHOSP,SHORT,2025-11-13 09:16:00,2025-11-13 09:24:00,7453.5,7457.0,-0.04695780505802643
APOLLOHOSP,SHORT,2025-11-18 09:50:00,2025-11-18 10:03:00,7422.5,7412.0,0.14146177164028292
APOLLOHOSP,SHORT,2025-11-24 09:17:00,2025-11-24 09:18:00,7363.0,7378.0,-0.20372130924894744
APOLLOTYRE,LONG,2025-11-04 09:44:00,2025-11-04 09:52:00,520.55,519.5,-0.20170973009316198
APOLLOTYRE,SHORT,2025-11-07 09:41:00,2025-11-07 09:50:00,499.5,499.85,-0.07007007007007462
APOLLOTYRE,LONG,2025-11-10 09:45:00,2025-11-10 09:51:00,522.45,521.0,-0.277538520432586
APOLLOTYRE,LONG,2025-11-12 09:50:00,2025-11-12 09:56:00,526.65,526.2,-0.08544574195384635
APOLLOTYRE,LONG,2025-11-17 09:16:00,2025-11-17 09:27:00,533.65,531.65,-0.37477747587370003
APOLLOTYRE,SHORT,2025-11-17 09:56:00,2025-11-17 10:01:00,524.3,525.8,-0.2860957467098989
APOLLOTYRE,LONG,2025-11-21 09:38:00,2025-11-21 09:46:00,521.45,520.9,-0.10547511746093934
ASHOKLEY,LONG,2025-11-06 09:16:00,2025-11-06 09:28:00,141.91,142.96,0.7399055739553319
ASHOKLEY,LONG,2025-11-10 09:53:00,2025-11-10 10:01:00,142.91,142.4,-0.3568679588552172
ASHOKLEY,LONG,2025-11-13 09:25:00,2025-11-13 09:36:00,149.73,149.18,-0.3673278568089114
ASIANPAINT,LONG,2025-11-06 09:16:00,2025-11-06 09:28:00,2585.3,2588.0,0.1044366224422627
ASIANPAINT,LONG,2025-11-10 09:18:00,2025-11-10 09:30:00,2652.9,2653.0,0.0037694598364020147
ASIANPAINT,SHORT,2025-11-17 09:59:00,2025-11-17 10:08:00,2898.8,2900.0,-0.04139643990616179
ASIANPAINT,LONG,2025-11-18 09:47:00,2025-11-18 09:57:00,2899.2,2895.2,-0.13796909492273732
ASTRAL,LONG,2025-11-04 09:52:00,2025-11-04 10:00:00,1477.7,1475.7,-0.13534546931041483
ASTRAL,LONG,2025-11-06 09:16:00,2025-11-06 09:31:00,1507.4,1515.8,0.5572508955817874
ASTRAL,LONG,2025-11-10 09:57:00,2025-11-10 10:03:00,1569.6,1568.3,-0.0828236493374079
ASTRAL,SHORT,2025-11-13 09:20:00,2025-11-13 09:33:00,1560.1,1562.0,-0.12178706493174098
ASTRAL,SHORT,2025-11-14 09:16:00,2025-11-14 09:23:00,1537.7,1541.1,-0.22110944917733388
ASTRAL,SHORT,2025-11-14 09:37:00,2025-11-14 09:48:00,1532.4,1532.9,-0.032628556512659876
ATGL,LONG,2025-11-12 09:16:00,2025-11-12 09:20:00,617.75,615.45,-0.37231889923107314
ATGL,LONG,2025-11-12 09:42:00,2025-11-12 09:51:00,620.1,622.0,0.30640219319464235
ATGL,LONG,2025-11-14 09:16:00,2025-11-14 09:21:00,626.0,623.5,-0.3993610223642172
ATGL,LONG,2025-11-14 09:47:00,2025-11-14 09:52:00,628.25,628.8,0.08754476721049814
ATGL,LONG,2025-11-20 09:18:00,2025-11-20 09:30:00,617.15,618.05,0.14583164546706268
ATGL,SHORT,2025-11-24 09:32:00,2025-11-24 09:54:00,604.4,602.9,0.2481800132362674
AUROPHARMA,LONG,2025-11-13 09:51:00,2025-11-13 10:10:00,1199.1,1209.7,0.8839963305812807
AUROPHARMA,LONG,2025-11-17 09:53:00,2025-11-17 10:02:00,1237.9,1234.0,-0.3150496809112279
AUROPHARMA,SHORT,2025-11-20 09:39:00,2025-11-20 09:47:00,1217.3,1218.9,-0.13143842931078095
AXISBANK,LONG,2025-11-06 09:17:00,2025-11-06 09:25:00,1237.4,1234.5,-0.2343623727169946
BAJAJ-AUTO,SHORT,2025-11-07 09:20:00,2025-11-07 09:40:00,8659.5,8621.0,0.44459841792251287
BAJAJ-AUTO,SHORT,2025-11-11 09:50:00,2025-11-11 10:03:00,8746.0,8750.0,-0.0457351932311914
BAJAJ-AUTO,SHORT,2025-11-21 09:16:00,2025-11-21 09:23:00,8904.0,8933.0,-0.325696316262354
BAJAJFINSV,LONG,2025-11-10 09:39:00,2025-11-10 09:43:00,2121.3,2113.6,-0.362984962051585
BAJAJFINSV,SHORT,2025-11-11 09:17:00,2025-11-11 09:40:00,2033.9,1991.8,2.0699149417375553
BAJAJFINSV,LONG,2025-11-20 09:34:00,2025-11-20 09:38:00,2058.0,2051.0,-0.3401360544217687
BAJFINANCE,SHORT,2025-11-11 09:16:00,2025-11-11 09:39:00,1021.8,1012.3,0.9297318457623802
BAJFINANCE,SHORT,2025-11-21 09:55:00,2025-11-21 09:58:00,1018.6,1021.0,-0.2356175142352226
BALKRISIND,LONG,2025-11-04 09:45:00,2025-11-04 10:10:00,2321.0,2347.6,1.146057733735455
BALKRISIND,SHORT,2025-11-06 09:49:00,2025-11-06 09:53:00,2315.1,2321.6,-0.2807654097015248
BALKRISIND,LONG,2025-11-12 09:57:00,2025-11-12 10:09:00,2373.0,2374.6,0.06742520016855916
BALKRISIND,SHORT,2025-11-14 09:55:00,2025-11-14 09:59:00,2324.1,2325.7,-0.06884385353469769
BALKRISIND,SHORT,2025-11-18 09:57:00,2025-11-18 10:14:00,2317.8,2316.3,0.06471654154801967
BALKRISIND,SHORT,2025-11-19 09:51:00,2025-11-19 10:00:00,2305.9,2305.8,0.004336701504831478
BALKRISIND,SHORT,2025-11-20 09:47:00,2025-11-20 10:16:00,2309.1,2288.4,0.8964531635702143
BALKRISIND,LONG,2025-11-21 09:39:00,2025-11-21 09:48:00,2327.0,2324.1,-0.12462397937258664
BANDHANBNK,SHORT,2025-11-04 09:48:00,2025-11-04 09:51:00,156.67,156.95,-0.17871960171060264
BANKBARODA,LONG,2025-11-17 09:16:00,2025-11-17 09:35:00,291.75,291.45,-0.10282776349614786
BANKINDIA,SHORT,2025-11-04 09:17:00,2025-11-04 09:20:00,141.46,141.93,-0.33224939912342627
BANKINDIA,SHORT,2025-11-06 09:47:00,2025-11-06 09:53:00,140.8,141.12,-0.2272727272727224
BANKINDIA,LONG,2025-11-12 09:20:00,2025-11-12 09:27:00,147.15,146.9,-0.16989466530750932
BANKINDIA,LONG,2025-11-20 09:55:00,2025-11-20 10:03:00,149.0,148.71,-0.19463087248321614
BDL,SHORT,2025-11-06 09:17:00,2025-11-06 09:50:00,1470.8,1448.6,1.5093826488985618
BDL,LONG,2025-11-10 09:36:00,2025-11-10 09:43:00,1498.1,1491.6,-0.4338829183632602
BDL,LONG,2025-11-11 09:25:00,2025-11-11 09:35:00,1545.4,1540.4,-0.3235408308528536
BDL,LONG,2025-11-12 09:56:00,2025-11-12 10:02:00,1545.9,1544.2,-0.10996830325377097
BDL,LONG,2025-11-13 09:28:00,2025-11-13 09:37:00,1543.3,1540.0,-0.21382751247326862
BDL,LONG,2025-11-14 09:16:00,2025-11-14 09:40:00,1594.9,1613.7,1.1787572888582327
BDL,SHORT,2025-11-18 09:55:00,2025-11-18 10:03:00,1568.0,1568.5,-0.03188775510204082
BEL,LONG,2025-11-11 09:16:00,2025-11-11 09:19:00,421.2,419.0,-0.5223171889838529
BEL,SHORT,2025-11-19 09:17:00,2025-11-19 09:20:00,417.05,418.6,-0.37165807457139705
BEL,SHORT,2025-11-21 09:55:00,2025-11-21 10:04:00,419.45,420.25,-0.190725950649663
BEL,SHORT,2025-11-24 09:16:00,2025-11-24 09:29:00,412.15,412.15,-0.0
BEL,SHORT,2025-11-24 09:46:00,2025-11-24 09:49:00,410.2,410.8,-0.14627011214042485
BEL,SHORT,2025-11-24 09:59:00,2025-11-24 10:01:00,409.35,410.55,-0.2931476731403417
BERGEPAINT,SHORT,2025-11-07 09:38:00,2025-11-07 09:49:00,537.25,537.5,-0.04653327128897162
BERGEPAINT,LONG,2025-11-11 09:35:00,2025-11-11 09:48:00,557.0,554.9,-0.377019748653505
BERGEPAINT,LONG,2025-11-14 09:54:00,2025-11-14 10:08:00,576.95,577.3,0.06066383568765214
BHARATFORG,LONG,2025-11-19 09:22:00,2025-11-19 09:29:00,1409.8,1409.5,-0.021279614129660555
BHEL,LONG,2025-11-03 09:59:00,2025-11-03 10:02:00,268.25,267.2,-0.3914259086672922
BHEL,LONG,2025-11-10 09:16:00,2025-11-10 09:35:00,266.2,268.7,0.9391435011269723
BHEL,LONG,2025-11-12 09:51:00,2025-11-12 09:54:00,289.35,287.55,-0.6220839813374844
BIOCON,LONG,2025-11-06 09:40:00,2025-11-06 09:47:00,386.4,385.65,-0.19409937888198758
BIOCON,LONG,2025-11-11 09:31:00,2025-11-11 09:40:00,387.65,386.25,-0.3611505223784283
BIOCON,SHORT,2025-11-12 09:59:00,2025-11-12 10:05:00,382.65,383.5,-0.2221351104142226
BIOCON,LONG,2025-11-17 09:55:00,2025-11-17 10:07:00,416.75,417.9,0.275944811037787
BIOCON,SHORT,2025-11-20 09:20:00,2025-11-20 09:39:00,400.45,395.45,1.248595330253465
BOSCHLTD,SHORT,2025-11-06 09:53:00,2025-11-06 10:02:00,37245.0,37215.0,0.08054772452678212
BOSCHLTD,SHORT,2025-11-14 09:20:00,2025-11-14 09:25:00,36900.0,37090.0,-0.5149051490514905
BOSCHLTD,LONG,2025-11-17 09:17:00,2025-11-17 09:30:00,37220.0,37390.0,0.4567436861902203
BPCL,LONG,2025-11-04 09:53:00,2025-11-04 09:55:00,371.2,370.2,-0.26939655172413796
BPCL,LONG,2025-11-11 09:58:00,2025-11-11 10:04:00,365.6,365.4,-0.05470459518600806
BPCL,LONG,2025-11-12 09:17:00,2025-11-12 09:23:00,375.95,375.1,-0.22609389546481337
BPCL,SHORT,2025-11-13 09:54:00,2025-11-13 10:04:00,373.25,373.35,-0.02679169457468794
BPCL,LONG,2025-11-14 09:47:00,2025-11-14 09:49:00,379.45,377.8,-0.4348398998550474
BRITANNIA,LONG,2025-11-07 09:47:00,2025-11-07 10:06:00,6001.0,6090.0,1.4830861523079486
BRITANNIA,SHORT,2025-11-11 09:16:00,2025-11-11 09:31:00,5794.0,5781.5,0.215740421125302
BSE,LONG,2025-11-07 09:50:00,2025-11-07 09:55:00,2498.0,2487.8,-0.40832666132905593
BSE,LONG,2025-11-12 09:16:00,2025-11-12 09:37:00,2783.6,2805.4,0.7831584997844584
BSE,LONG,2025-11-13 09:52:00,2025-11-13 10:00:00,2816.9,2812.6,-0.15265007632504463
BSE,SHORT,2025-11-17 09:16:00,2025-11-17 09:18:00,2798.6,2816.0,-0.6217394411491493
BSE,LONG,2025-11-18 09:25:00,2025-11-18 09:45:00,2847.9,2851.0,0.10885213666209871
CAMS,SHORT,2025-11-07 09:22:00,2025-11-07 09:43:00,3697.8,3681.9,0.42998539672237784
CAMS,LONG,2025-11-10 09:16:00,2025-11-10 09:26:00,3823.5,3818.1,-0.14123185562966106
CAMS,LONG,2025-11-12 09:16:00,2025-11-12 09:52:00,3860.0,3995.4,3.507772020725391
CAMS,LONG,2025-11-17 09:44:00,2025-11-17 09:52:00,4001.0,3990.0,-0.2749312671832042
CAMS,SHORT,2025-11-18 09:16:00,2025-11-18 09:21:00,3928.3,3945.7,-0.4429396940152136
CAMS,LONG,2025-11-20 09:51:00,2025-11-20 10:04:00,4002.0,4005.0,0.07496251874062969
CAMS,SHORT,2025-11-21 09:17:00,2025-11-21 09:27:00,3963.2,3984.0,-0.5248284214775985
CANBK,LONG,2025-11-12 09:16:00,2025-11-12 09:40:00,142.33,142.75,0.2950888779596624
CANBK,LONG,2025-11-12 09:43:00,2025-11-12 09:51:00,143.89,143.9,0.006949753283771859
CANBK,LONG,2025-11-24 09:51:00,2025-11-24 10:01:00,148.1,147.92,-0.12153950033761433
CDSL,SHORT,2025-11-04 09:16:00,2025-11-04 09:49:00,1574.5,1555.0,1.2384884090187362
CDSL,SHORT,2025-11-18 09:16:00,2025-11-18 09:21:00,1616.1,1622.8,-0.4145783057979114
CESC,LONG,2025-11-04 09:33:00,2025-11-04 09:38:00,181.97,181.4,-0.3132384458976717
CESC,SHORT,2025-11-11 09:32:00,2025-11-11 09:44:00,171.17,170.64,0.3096336974937204
CESC,LONG,2025-11-12 09:43:00,2025-11-12 09:51:00,171.88,171.85,-0.017454037700722097
CESC,LONG,2025-11-14 09:17:00,2025-11-14 09:20:00,173.24,172.7,-0.31170630339414707
CGPOWER,LONG,2025-11-03 09:38:00,2025-11-03 09:46:00,735.7,733.5,-0.29903493271714626
CGPOWER,SHORT,2025-11-18 09:38:00,2025-11-18 09:53:00,742.35,742.4,-0.006735367414286324
CGPOWER,SHORT,2025-11-24 09:16:00,2025-11-24 09:25:00,698.6,700.65,-0.29344403091897425
CHOLAFIN,LONG,2025-11-03 09:54:00,2025-11-03 10:03:00,1741.8,1740.4,-0.08037662188539807
CHOLAFIN,SHORT,2025-11-21 09:43:00,2025-11-21 10:04:00,1684.0,1671.0,0.7719714964370546
CHOLAFIN,LONG,2025-11-24 09:50:00,2025-11-24 09:56:00,1686.8,1684.0,-0.16599478302110235
CIPLA,LONG,2025-11-04 09:16:00,2025-11-04 09:19:00,1523.0,1516.4,-0.4333552199605981
CIPLA,LONG,2025-11-12 09:22:00,2025-11-12 09:27:00,1521.8,1520.0,-0.11828098304638944
CIPLA,LONG,2025-11-12 09:52:00,2025-11-12 09:54:00,1518.9,1517.1,-0.11850681414182512
CIPLA,SHORT,2025-11-20 09:44:00,2025-11-20 09:46:00,1521.2,1522.5,-0.08545884827767253
COALINDIA,SHORT,2025-11-18 09:49:00,2025-11-18 10:04:00,385.95,385.5,0.11659541391371646
COFORGE,LONG,2025-11-03 09:44:00,2025-11-03 09:46:00,1779.3,1775.7,-0.20232675771370254
COFORGE,SHORT,2025-11-10 09:43:00,2025-11-10 09:49:00,1733.3,1736.1,-0.16154156810707637
COFORGE,SHORT,2025-11-13 09:19:00,2025-11-13 09:27:00,1810.0,1810.4,-0.02209944751381718
COFORGE,LONG,2025-11-19 09:46:00,2025-11-19 09:52:00,1820.4,1818.0,-0.13183915622940512
COFORGE,LONG,2025-11-20 09:54:00,2025-11-20 10:00:00,1869.8,1866.3,-0.18718579527222165
COLPAL,LONG,2025-11-12 09:59:00,2025-11-12 10:06:00,2191.7,2189.6,-0.0958160332162207
COLPAL,LONG,2025-11-17 09:20:00,2025-11-17 09:29:00,2192.3,2188.1,-0.19157961957762498
COLPAL,SHORT,2025-11-18 09:49:00,2025-11-18 09:57:00,2177.3,2177.1,0.009185688697022588
COLPAL,LONG,2025-11-20 09:56:00,2025-11-20 10:01:00,2195.0,2191.2,-0.17312072892939326
CONCOR,SHORT,2025-11-18 09:16:00,2025-11-18 09:26:00,513.75,515.1,-0.2627737226277417
CONCOR,SHORT,2025-11-20 09:42:00,2025-11-20 09:46:00,514.85,515.8,-0.18451976303776474
CONCOR,SHORT,2025-11-21 09:16:00,2025-11-21 09:19:00,512.9,515.0,-0.4094365373367172
CROMPTON,SHORT,2025-11-07 09:16:00,2025-11-07 09:32:00,274.05,273.0,0.3831417624521114
CROMPTON,LONG,2025-11-10 09:23:00,2025-11-10 09:26:00,278.9,277.45,-0.5198996055933987
CUMMINSIND,LONG,2025-11-03 09:44:00,2025-11-03 09:56:00,4382.9,4385.1,0.05019507631934855
CUMMINSIND,LONG,2025-11-06 09:51:00,2025-11-06 10:02:00,4348.7,4351.0,0.052889369236787595
CUMMINSIND,LONG,2025-11-07 09:16:00,2025-11-07 09:19:00,4423.1,4358.1,-1.4695575501345208
CUMMINSIND,SHORT,2025-11-14 09:49:00,2025-11-14 09:59:00,4315.4,4334.5,-0.4426009176437959
CUMMINSIND,LONG,2025-11-20 09:16:00,2025-11-20 09:32:00,4313.5,4352.3,0.8995015648545306
CYIENT,SHORT,2025-11-17 09:48:00,2025-11-17 09:55:00,1129.0,1131.5,-0.22143489813994688
CYIENT,SHORT,2025-11-18 09:51:00,2025-11-18 10:02:00,1119.3,1120.6,-0.11614401858303892
DABUR,LONG,2025-11-11 09:44:00,2025-11-11 09:50:00,516.95,516.4,-0.10639326820777022
DABUR,SHORT,2025-11-14 09:51:00,2025-11-14 10:00:00,521.35,520.25,0.21099069722835384
DABUR,SHORT,2025-11-18 09:39:00,2025-11-18 10:04:00,517.65,514.55,0.5988602337486764
DABUR,LONG,2025-11-19 09:57:00,2025-11-19 10:07:00,522.45,522.3,-0.02871088142407712
DABUR,LONG,2025-11-20 09:48:00,2025-11-20 09:54:00,521.0,520.0,-0.19193857965451055
DABUR,SHORT,2025-11-21 09:56:00,2025-11-21 09:58:00,521.9,522.95,-0.201187967043508
DELHIVERY,SHORT,2025-11-06 09:16:00,2025-11-06 09:27:00,447.4,454.2,-1.5198927134555233
DELHIVERY,SHORT,2025-11-12 09:59:00,2025-11-12 10:19:00,428.15,423.9,0.992642765385963
DELHIVERY,SHORT,2025-11-18 09:16:00,2025-11-18 09:26:00,434.4,434.25,0.03453038674032626
DELHIVERY,SHORT,2025-11-20 09:44:00,2025-11-20 09:46:00,432.0,433.4,-0.3240740740740688
DELHIVERY,SHORT,2025-11-21 09:39:00,2025-11-21 09:47:00,420.2,420.25,-0.011899095668731883
DIVISLAB,LONG,2025-11-17 09:53:00,2025-11-17 09:58:00,6548.5,6540.5,-0.12216538138505001
DIVISLAB,SHORT,2025-11-21 09:57:00,2025-11-21 10:06:00,6413.0,6416.5,-0.054576641197567444
DIXON,LONG,2025-11-04 09:56:00,2025-11-04 09:59:00,15502.0,15448.0,-0.3483421494000774
DIXON,LONG,2025-11-06 09:53:00,2025-11-06 09:56:00,15313.0,15291.0,-0.14366877816234572
DIXON,SHORT,2025-11-11 09:58:00,2025-11-11 10:03:00,14840.0,14883.0,-0.28975741239892183
DIXON,LONG,2025-11-14 09:47:00,2025-11-14 09:49:00,15561.0,15509.0,-0.3341687552213868
DIXON,LONG,2025-11-17 09:59:00,2025-11-17 10:09:00,15622.0,15570.0,-0.3328639098706952
DIXON,SHORT,2025-11-18 09:59:00,2025-11-18 10:03:00,15522.0,15559.0,-0.2383713438989821
DIXON,SHORT,2025-11-21 09:53:00,2025-11-21 10:04:00,15144.0,15152.0,-0.05282620179609086
DLF,LONG,2025-11-04 09:46:00,2025-11-04 09:56:00,783.45,781.7,-0.22337098729976385
DLF,SHORT,2025-11-11 09:55:00,2025-11-11 10:07:00,756.05,755.85,0.02645327689966693
DLF,LONG,2025-11-12 09:16:00,2025-11-12 09:31:00,769.95,769.4,-0.07143320994870682
DLF,LONG,2025-11-13 09:46:00,2025-11-13 09:55:00,772.0,771.75,-0.032383419689119175
DLF,SHORT,2025-11-18 09:50:00,2025-11-18 10:03:00,758.45,758.45,-0.0
DMART,SHORT,2025-11-06 09:50:00,2025-11-06 10:01:00,4156.7,4160.3,-0.08660716433710308
DMART,LONG,2025-11-13 09:50:00,2025-11-13 10:04:00,4062.2,4062.5,0.007385160750336811
DMART,SHORT,2025-11-18 09:40:00,2025-11-18 09:45:00,4005.0,4009.0,-0.09987515605493133
DRREDDY,SHORT,2025-11-19 09:47:00,2025-11-19 09:58:00,1239.4,1240.0,-0.048410521219937795
DRREDDY,SHORT,2025-11-21 09:56:00,2025-11-21 09:59:00,1240.1,1241.0,-0.07257479235546255
ECLERX,SHORT,2025-11-06 09:49:00,2025-11-06 09:58:00,4708.8,4701.8,0.14865783214407066
ECLERX,SHORT,2025-11-07 09:42:00,2025-11-07 09:49:00,4475.8,4488.0,-0.2725769694803123
ECLERX,SHORT,2025-11-14 09:40:00,2025-11-14 09:49:00,4418.5,4408.6,0.2240579382143179
ECLERX,LONG,2025-11-17 09:48:00,2025-11-17 10:01:00,4473.9,4475.6,0.03799816714724799
ECLERX,LONG,2025-11-21 09:35:00,2025-11-21 09:45:00,4543.9,4550.1,0.13644666475936373
EICHERMOT,SHORT,2025-11-04 09:17:00,2025-11-04 09:37:00,6986.5,6923.0,0.9088957274744149
ESCORTS,SHORT,2025-11-10 09:28:00,2025-11-10 09:31:00,3582.3,3598.8,-0.4605979398710326
ESCORTS,LONG,2025-11-11 09:36:00,2025-11-11 09:43:00,3589.3,3575.8,-0.37611790599838407
ESCORTS,LONG,2025-11-13 09:16:00,2025-11-13 09:30:00,3609.8,3601.0,-0.24378081888193756
ESCORTS,LONG,2025-11-17 09:37:00,2025-11-17 09:58:00,3598.0,3610.1,0.3362979433018318
ESCORTS,SHORT,2025-11-18 09:58:00,2025-11-18 10:05:00,3566.8,3570.9,-0.11494897387013316
FEDERALBNK,LONG,2025-11-03 09:39:00,2025-11-03 09:50:00,238.04,237.86,-0.07561754327002958
FEDERALBNK,SHORT,2025-11-07 09:22:00,2025-11-07 09:27:00,232.56,233.31,-0.3224974200206398
FEDERALBNK,SHORT,2025-11-12 09:29:00,2025-11-12 09:43:00,234.3,234.16,0.0597524541186576
FEDERALBNK,LONG,2025-11-18 09:32:00,2025-11-18 09:43:00,242.99,243.13,0.057615539734139826
FEDERALBNK,LONG,2025-11-19 09:27:00,2025-11-19 09:32:00,246.69,246.37,-0.12971745915926594
FORTIS,SHORT,2025-11-14 09:40:00,2025-11-14 09:44:00,942.8,944.8,-0.21213406873143828
FORTIS,SHORT,2025-11-18 09:17:00,2025-11-18 09:23:00,936.7,939.3,-0.2775701932315479
FORTIS,LONG,2025-11-20 09:54:00,2025-11-20 10:02:00,937.5,938.0,0.05333333333333334
GLENMARK,SHORT,2025-11-04 09:18:00,2025-11-04 09:33:00,1881.0,1875.1,0.3136629452418974
GLENMARK,SHORT,2025-11-04 09:59:00,2025-11-04 10:09:00,1868.9,1874.4,-0.2942907592701589
GLENMARK,SHORT,2025-11-17 09:16:00,2025-11-17 09:23:00,1843.4,1845.9,-0.13561896495605943
GMRAIRPORT,LONG,2025-11-04 09:53:00,2025-11-04 09:59:00,95.95,95.8,-0.15633142261595173
GMRAIRPORT,LONG,2025-11-06 09:39:00,2025-11-06 09:57:00,95.39,96.08,0.7233462627109736
GMRAIRPORT,LONG,2025-11-14 09:16:00,2025-11-14 09:20:00,98.69,96.9,-1.8137602593981073
GMRAIRPORT,LONG,2025-11-18 09:16:00,2025-11-18 09:42:00,98.13,100.92,2.8431672271476676
GMRAIRPORT,LONG,2025-11-21 09:58:00,2025-11-21 10:11:00,104.67,104.75,0.07643068692079706
GODREJCP,LONG,2025-11-11 09:53:00,2025-11-11 09:58:00,1138.4,1135.5,-0.25474349964863763
GODREJCP,SHORT,2025-11-21 09:16:00,2025-11-21 09:26:00,1122.0,1120.5,0.1336898395721925
GODREJPROP,LONG,2025-11-13 09:46:00,2025-11-13 10:01:00,2210.1,2220.0,0.4479435319668834
GRASIM,SHORT,2025-11-06 09:16:00,2025-11-06 09:31:00,2789.3,2780.9,0.3011508263722113
GRASIM,SHORT,2025-11-06 09:54:00,2025-11-06 09:58:00,2756.0,2758.6,-0.09433962264150614
GRASIM,SHORT,2025-11-14 09:54:00,2025-11-14 10:05:00,2762.5,2765.0,-0.09049773755656108
GRASIM,SHORT,2025-11-21 09:57:00,2025-11-21 10:00:00,2740.8,2745.0,-0.15323992994745395
HAL,LONG,2025-11-10 09:17:00,2025-11-10 09:43:00,4673.1,4718.0,0.9608183004857511
HAL,LONG,2025-11-12 09:59:00,2025-11-12 10:03:00,4901.9,4890.0,-0.24276301026131983
HAL,SHORT,2025-11-14 09:54:00,2025-11-14 10:01:00,4720.6,4729.0,-0.1779434817607854
HAL,SHORT,2025-11-24 09:16:00,2025-11-24 09:28:00,4446.8,4464.0,-0.38679499865071104
HAVELLS,SHORT,2025-11-04 09:16:00,2025-11-04 09:31:00,1492.9,1492.5,0.02679348918213483
HAVELLS,SHORT,2025-11-10 09:16:00,2025-11-10 09:26:00,1438.3,1438.0,0.020857957310710877
HCLTECH,LONG,2025-11-10 09:50:00,2025-11-10 10:35:00,1523.8,1541.3,1.1484446777792363
HDFCAMC,LONG,2025-11-10 09:16:00,2025-11-10 09:23:00,5476.5,5455.0,-0.39258650598009676
HDFCAMC,LONG,2025-11-12 09:53:00,2025-11-12 09:58:00,5490.0,5476.0,-0.2550091074681239
HDFCAMC,SHORT,2025-11-14 09:54:00,2025-11-14 09:57:00,5462.5,5472.5,-0.1830663615560641
HDFCLIFE,LONG,2025-11-10 09:39:00,2025-11-10 09:50:00,758.3,758.0,-0.03956217855729322
HDFCLIFE,SHORT,2025-11-17 09:47:00,2025-11-17 09:52:00,771.75,772.25,-0.06478781988986071
HDFCLIFE,SHORT,2025-11-18 09:50:00,2025-11-18 09:56:00,763.15,764.15,-0.13103583830177554
HDFCLIFE,SHORT,2025-11-20 09:39:00,2025-11-20 09:50:00,751.1,752.0,-0.1198242577552892
HDFCLIFE,SHORT,2025-11-24 09:16:00,2025-11-24 09:21:00,762.25,763.35,-0.144309609708104
HEROMOTOCO,SHORT,2025-11-04 09:16:00,2025-11-04 09:34:00,5435.0,5382.5,0.9659613615455382
HEROMOTOCO,LONG,2025-11-12 09:55:00,2025-11-12 10:02:00,5485.0,5480.5,-0.0820419325432999
HEROMOTOCO,LONG,2025-11-13 09:59:00,2025-11-13 10:05:00,5589.0,5578.0,-0.1968151726605833
HEROMOTOCO,LONG,2025-11-17 09:17:00,2025-11-17 09:43:00,5627.0,5696.0,1.2262306735382975
HEROMOTOCO,LONG,2025-11-19 09:16:00,2025-11-19 09:29:00,5905.5,5881.5,-0.40640081280162554
HEROMOTOCO,LONG,2025-11-20 09:16:00,2025-11-20 09:42:00,5950.5,6004.0,0.8990841105789429
HFCL,LONG,2025-11-12 09:45:00,2025-11-12 09:48:00,79.74,79.5,-0.3009781790820102
HFCL,SHORT,2025-11-18 09:18:00,2025-11-18 09:32:00,75.42,75.33,0.11933174224344127
HFCL,SHORT,2025-11-20 09:42:00,2025-11-20 09:46:00,73.44,73.69,-0.3404139433551198
HINDALCO,SHORT,2025-11-06 09:16:00,2025-11-06 09:28:00,782.95,789.95,-0.8940545373267769
HINDALCO,SHORT,2025-11-06 09:55:00,2025-11-06 10:01:00,780.8,781.85,-0.13447745901640218
HINDALCO,SHORT,2025-11-14 09:17:00,2025-11-14 09:19:00,804.8,809.65,-0.6026341948310168
HINDALCO,SHORT,2025-11-18 09:48:00,2025-11-18 10:12:00,794.75,789.95,0.6039635105378993
HINDPETRO,SHORT,2025-11-13 09:54:00,2025-11-13 10:03:00,484.0,484.4,-0.08264462809916885
HINDZINC,SHORT,2025-11-04 09:17:00,2025-11-04 09:44:00,476.65,476.4,0.052449386342179806
HINDZINC,SHORT,2025-11-12 09:54:00,2025-11-12 09:57:00,485.1,486.3,-0.24737167594310214
HINDZINC,LONG,2025-11-13 09:16:00,2025-11-13 09:27:00,491.0,491.2,0.04073319755600583
HINDZINC,SHORT,2025-11-17 09:46:00,2025-11-17 09:50:00,484.95,485.7,-0.1546551190844417
HINDZINC,SHORT,2025-11-20 09:59:00,2025-11-20 10:02:00,474.05,474.95,-0.18985339099250653
HINDZINC,SHORT,2025-11-21 09:17:00,2025-11-21 09:19:00,468.25,470.0,-0.37373198077949815
HUDCO,LONG,2025-11-14 09:45:00,2025-11-14 09:50:00,227.2,226.84,-0.1584507042253456
HUDCO,LONG,2025-11-17 09:17:00,2025-11-17 09:34:00,229.73,231.65,0.8357637226309216
ICICIBANK,LONG,2025-11-13 09:46:00,2025-11-13 10:25:00,1375.7,1384.1,0.6105982408955342
ICICIPRULI,LONG,2025-11-04 09:41:00,2025-11-04 09:47:00,602.0,602.0,0.0
ICICIPRULI,LONG,2025-11-06 09:55:00,2025-11-06 10:02:00,606.8,605.95,-0.14007910349372266
ICICIPRULI,SHORT,2025-11-20 09:39:00,2025-11-20 09:46:00,609.35,610.25,-0.1476983671124932
IGL,LONG,2025-11-11 09:16:00,2025-11-11 09:18:00,210.91,209.55,-0.6448248067896188
INDIANB,SHORT,2025-11-06 09:48:00,2025-11-06 09:50:00,873.0,874.5,-0.1718213058419244
INDIANB,SHORT,2025-11-11 09:50:00,2025-11-11 09:57:00,867.55,868.9,-0.15561062762953407
INDIGO,LONG,2025-11-06 09:16:00,2025-11-06 09:31:00,5775.0,5807.0,0.5541125541125541
INDIGO,LONG,2025-11-13 09:18:00,2025-11-13 09:35:00,5852.5,5866.0,0.23067065356685176
INDUSINDBK,LONG,2025-11-11 09:24:00,2025-11-11 09:34:00,807.9,805.15,-0.34038866196311424
INDUSINDBK,LONG,2025-11-13 09:28:00,2025-11-13 09:34:00,872.65,869.45,-0.366699134819221
INDUSINDBK,SHORT,2025-11-18 09:58:00,2025-11-18 10:02:00,846.05,848.55,-0.2954908102358017
INDUSINDBK,SHORT,2025-11-19 09:49:00,2025-11-19 09:56:00,839.9,841.05,-0.1369210620311915
IOC,SHORT,2025-11-03 09:45:00,2025-11-03 09:52:00,166.24,166.66,-0.252646775745902
IOC,LONG,2025-11-07 09:41:00,2025-11-07 09:48:00,168.39,167.64,-0.4453946196329949
IRB,LONG,2025-11-03 09:38:00,2025-11-03 09:45:00,45.38,45.28,-0.22036139268400487
IRB,LONG,2025-11-17 09:16:00,2025-11-17 09:26:00,44.87,45.06,0.4234455092489522
IRB,SHORT,2025-11-20 09:16:00,2025-11-20 09:30:00,43.69,43.78,-0.2059967956054095
IRB,SHORT,2025-11-21 09:16:00,2025-11-21 09:20:00,43.77,43.86,-0.20562028786839456
IRFC,LONG,2025-11-12 09:36:00,2025-11-12 09:49:00,123.18,123.06,-0.09741841207988679
IRFC,SHORT,2025-11-14 09:52:00,2025-11-14 10:05:00,120.95,120.85,0.08267879288963086
IRFC,LONG,2025-11-17 09:20:00,2025-11-17 09:33:00,122.69,122.73,0.03260249409080304
IRFC,SHORT,2025-11-18 09:55:00,2025-11-18 10:04:00,121.29,121.26,0.024734108335395442
IRFC,SHORT,2025-11-19 09:46:00,2025-11-19 09:53:00,119.95,120.07,-0.10004168403500652
IRFC,SHORT,2025-11-24 09:16:00,2025-11-24 09:18:00,118.4,119.03,-0.5320945945945907
ITC,SHORT,2025-11-04 09:52:00,2025-11-04 10:01:00,411.75,412.15,-0.09714632665451785
ITC,LONG,2025-11-10 09:55:00,2025-11-10 10:03:00,406.55,406.35,-0.04919444102816103
ITC,SHORT,2025-11-14 09:18:00,2025-11-14 09:27:00,402.7,403.5,-0.1986590514030324
ITC,LONG,2025-11-21 09:36:00,2025-11-21 09:40:00,406.25,406.1,-0.03692307692307133
JINDALSTEL,LONG,2025-11-04 09:41:00,2025-11-04 09:57:00,1077.3,1076.8,-0.046412327114081504
JINDALSTEL,SHORT,2025-11-06 09:54:00,2025-11-06 10:01:00,1067.0,1068.4,-0.13120899718838716
JINDALSTEL,SHORT,2025-11-11 09:36:00,2025-11-11 09:52:00,1067.0,1066.5,0.046860356138706656
JINDALSTEL,SHORT,2025-11-12 09:55:00,2025-11-12 10:00:00,1075.3,1078.1,-0.26039244861898586
JINDALSTEL,LONG,2025-11-13 09:37:00,2025-11-13 09:40:00,1092.7,1087.5,-0.47588542143315143
JINDALSTEL,SHORT,2025-11-17 09:53:00,2025-11-17 10:00:00,1076.6,1077.4,-0.0743080066877375
JINDALSTEL,SHORT,2025-11-18 09:17:00,2025-11-18 09:29:00,1064.8,1065.2,-0.037565740045087434
JINDALSTEL,SHORT,2025-11-20 09:17:00,2025-11-20 09:20:00,1062.3,1067.9,-0.5271580532806304
JINDALSTEL,LONG,2025-11-20 09:52:00,2025-11-20 09:57:00,1069.9,1068.7,-0.11216001495467291
JIOFIN,LONG,2025-11-03 09:51:00,2025-11-03 10:03:00,307.7,307.0,-0.22749431264218026
JKCEMENT,SHORT,2025-11-11 09:31:00,2025-11-11 09:52:00,5545.0,5524.5,0.369702434625789
JKCEMENT,LONG,2025-11-12 09:16:00,2025-11-12 09:26:00,5664.5,5634.5,-0.5296142642775179
JKCEMENT,LONG,2025-11-17 09:17:00,2025-11-17 09:20:00,5565.5,5557.5,-0.1437427005659869
JSL,LONG,2025-11-04 09:57:00,2025-11-04 09:59:00,753.6,751.4,-0.291932059447989
JSL,LONG,2025-11-06 09:41:00,2025-11-06 09:45:00,744.65,740.45,-0.5640233666823248
JSL,LONG,2025-11-11 09:18:00,2025-11-11 09:27:00,741.55,738.25,-0.44501382239902293
JSL,LONG,2025-11-13 09:36:00,2025-11-13 09:42:00,749.6,746.4,-0.42689434364995266
JSL,SHORT,2025-11-14 09:45:00,2025-11-14 10:02:00,739.95,740.15,-0.027028853300889485
JSL,LONG,2025-11-19 09:34:00,2025-11-19 09:48:00,757.85,760.0,0.28369730157682616
JSWENERGY,SHORT,2025-11-04 09:59:00,2025-11-04 10:18:00,530.0,529.45,0.10377358490565179
JSWENERGY,SHORT,2025-11-18 09:16:00,2025-11-18 09:26:00,524.65,524.05,0.11436195558944492
JSWSTEEL,LONG,2025-11-13 09:48:00,2025-11-13 09:54:00,1194.9,1192.0,-0.24269813373504817
JSWSTEEL,SHORT,2025-11-18 09:51:00,2025-11-18 10:03:00,1162.6,1161.6,0.08601410631343541
KALYANKJIL,LONG,2025-11-03 09:34:00,2025-11-03 09:44:00,513.8,512.3,-0.29194239003503314
KALYANKJIL,LONG,2025-11-04 09:16:00,2025-11-04 09:22:00,523.0,522.0,-0.19120458891013384
KALYANKJIL,SHORT,2025-11-06 09:33:00,2025-11-06 09:37:00,518.45,520.55,-0.40505352493006247
KALYANKJIL,SHORT,2025-11-18 09:16:00,2025-11-18 09:45:00,492.2,488.15,0.8228362454286899
KEI,LONG,2025-11-10 09:31:00,2025-11-10 09:43:00,3996.0,3990.0,-0.15015015015015015
KEI,LONG,2025-11-13 09:45:00,2025-11-13 09:54:00,4103.9,4100.0,-0.09503155534978036
KEI,LONG,2025-11-14 09:34:00,2025-11-14 09:39:00,4126.2,4114.9,-0.2738597256555713
KEI,LONG,2025-11-17 09:17:00,2025-11-17 09:35:00,4141.0,4140.0,-0.02414875633904854
KOTAKBANK,SHORT,2025-11-11 09:49:00,2025-11-11 09:56:00,2082.0,2085.0,-0.1440922190201729
KOTAKBANK,LONG,2025-11-19 09:58:00,2025-11-19 10:09:00,2097.6,2097.7,0.004767353165518166
KOTAKBANK,LONG,2025-11-20 09:40:00,2025-11-20 09:49:00,2109.9,2108.3,-0.07583297786624528
KOTAKBANK,SHORT,2025-11-21 09:16:00,2025-11-21 09:19:00,2088.5,2095.7,-0.34474503231983805
KPITTECH,LONG,2025-11-07 09:49:00,2025-11-07 09:54:00,1154.2,1151.3,-0.25125628140704304
KPITTECH,LONG,2025-11-10 09:41:00,2025-11-10 09:43:00,1157.1,1152.1,-0.4321147696828278
KPITTECH,LONG,2025-11-12 09:43:00,2025-11-12 09:57:00,1223.0,1226.1,0.2534750613246042
KPITTECH,LONG,2025-11-20 09:55:00,2025-11-20 10:01:00,1223.8,1219.8,-0.3268507926131721
LAURUSLABS,LONG,2025-11-04 09:41:00,2025-11-04 09:57:00,980.65,983.4,0.28042624789680315
LAURUSLABS,LONG,2025-11-10 09:20:00,2025-11-10 09:28:00,994.5,991.6,-0.2916038210155834
LAURUSLABS,SHORT,2025-11-20 09:16:00,2025-11-20 09:21:00,973.15,979.65,-0.6679340286697837
LICHSGFIN,SHORT,2025-11-14 09:17:00,2025-11-14 09:22:00,566.6,567.6,-0.17649135192375573
LICHSGFIN,SHORT,2025-11-14 09:50:00,2025-11-14 10:18:00,568.0,565.65,0.41373239436620124
LICHSGFIN,SHORT,2025-11-18 09:50:00,2025-11-18 09:58:00,568.3,567.9,0.07038535984514821
LICHSGFIN,SHORT,2025-11-19 09:18:00,2025-11-19 09:24:00,565.0,565.55,-0.09734513274335478
LICI,SHORT,2025-11-06 09:26:00,2025-11-06 09:35:00,899.8,900.0,-0.022227161591469823
LICI,LONG,2025-11-07 09:16:00,2025-11-07 09:20:00,905.7,901.45,-0.4692503036325494
LICI,LONG,2025-11-12 09:18:00,2025-11-12 09:26:00,905.05,906.7,0.18231036959285024
LICI,SHORT,2025-11-13 09:36:00,2025-11-13 09:39:00,889.05,891.6,-0.28682301332884186
LICI,SHORT,2025-11-21 09:55:00,2025-11-21 09:57:00,901.25,902.55,-0.14424410540914892
LODHA,LONG,2025-11-03 09:39:00,2025-11-03 09:57:00,1210.9,1222.0,0.9166735486002071
LODHA,LONG,2025-11-12 09:19:00,2025-11-12 09:30:00,1234.9,1235.3,0.03239128674385485
LT,LONG,2025-11-13 09:49:00,2025-11-13 10:01:00,3965.8,3964.9,-0.022694033990622094
LTIM,LONG,2025-11-12 09:16:00,2025-11-12 09:26:00,5806.0,5828.0,0.37891836031691356
LTIM,LONG,2025-11-19 09:16:00,2025-11-19 09:49:00,5819.0,5888.5,1.1943632926619694
LTIM,LONG,2025-11-20 09:55:00,2025-11-20 10:01:00,6055.0,6036.5,-0.305532617671346
LTIM,SHORT,2025-11-21 09:55:00,2025-11-21 09:59:00,5940.0,5954.0,-0.23569023569023567
LUPIN,LONG,2025-11-13 09:50:00,2025-11-13 09:58:00,2049.4,2048.0,-0.0683126768810428
LUPIN,LONG,2025-11-17 09:16:00,2025-11-17 09:29:00,2070.2,2065.5,-0.22703120471451155
LUPIN,LONG,2025-11-18 09:44:00,2025-11-18 09:50:00,2051.9,2049.7,-0.10721770066768717
LUPIN,SHORT,2025-11-20 09:43:00,2025-11-20 09:45:00,2029.1,2031.7,-0.1281356266325039
LUPIN,SHORT,2025-11-24 09:54:00,2025-11-24 09:58:00,1990.0,1993.0,-0.1507537688442211
MARICO,LONG,2025-11-17 09:16:00,2025-11-17 09:29:00,760.35,759.5,-0.11179062273953085
MARUTI,SHORT,2025-11-19 09:53:00,2025-11-19 09:56:00,15862.0,15893.0,-0.1954356323288362
MARUTI,LONG,2025-11-21 09:59:00,2025-11-21 10:02:00,15938.0,15906.0,-0.2007780148073786
MGL,LONG,2025-11-14 09:56:00,2025-11-14 10:15:00,1243.6,1250.0,0.5146349308459386
MGL,SHORT,2025-11-18 09:43:00,2025-11-18 09:52:00,1237.4,1238.5,-0.08889607240988436
MOTHERSON,SHORT,2025-11-03 09:53:00,2025-11-03 10:00:00,104.87,105.19,-0.3051396967674198
MOTHERSON,SHORT,2025-11-07 09:43:00,2025-11-07 09:47:00,102.4,102.7,-0.2929687499999972
MOTHERSON,LONG,2025-11-19 09:25:00,2025-11-19 09:47:00,110.17,111.15,0.8895343559952836
MOTILALOFS,SHORT,2025-11-12 09:39:00,2025-11-12 09:41:00,983.75,987.35,-0.3659466327827215
MOTILALOFS,LONG,2025-11-13 09:58:00,2025-11-13 10:16:00,1012.0,1013.2,0.11857707509881872
MOTILALOFS,LONG,2025-11-19 09:17:00,2025-11-19 09:21:00,980.2,975.35,-0.4947969802081231
MOTILALOFS,SHORT,2025-11-21 09:57:00,2025-11-21 10:03:00,954.0,955.55,-0.16247379454926147
MPHASIS,SHORT,2025-11-17 09:40:00,2025-11-17 09:50:00,2735.6,2739.5,-0.1425647024418808
MPHASIS,LONG,2025-11-21 09:49:00,2025-11-21 09:55:00,2741.6,2737.1,-0.1641377297928217
MRF,LONG,2025-11-03 09:56:00,2025-11-03 09:58:00,158675.0,158420.0,-0.16070584528123522
MRF,LONG,2025-11-04 09:53:00,2025-11-04 10:03:00,158850.0,159030.0,0.11331444759206798
MUTHOOTFIN,LONG,2025-11-04 09:43:00,2025-11-04 09:55:00,3189.4,3197.4,0.2508308772809933
MUTHOOTFIN,LONG,2025-11-06 09:41:00,2025-11-06 09:52:00,3220.7,3218.8,-0.05899338653086709
MUTHOOTFIN,LONG,2025-11-10 09:42:00,2025-11-10 09:52:00,3254.9,3257.8,0.08909643921472521
MUTHOOTFIN,LONG,2025-11-14 09:16:00,2025-11-14 09:32:00,3692.0,3696.3,0.1164680390032552
MUTHOOTFIN,SHORT,2025-11-24 09:33:00,2025-11-24 09:45:00,3629.3,3631.8,-0.0688838067946987
NATIONALUM,LONG,2025-11-07 09:49:00,2025-11-07 09:54:00,231.04,230.6,-0.1904432132963979
NATIONALUM,LONG,2025-11-10 09:16:00,2025-11-10 09:35:00,247.27,252.66,2.1798034537145576
NATIONALUM,SHORT,2025-11-18 09:17:00,2025-11-18 09:26:00,256.36,257.43,-0.41738180683413684
NATIONALUM,LONG,2025-11-20 09:16:00,2025-11-20 09:44:00,259.87,261.55,0.6464770846961968
NAUKRI,SHORT,2025-11-18 09:59:00,2025-11-18 10:02:00,1313.0,1315.8,-0.2132520944402098
NCC,SHORT,2025-11-06 09:21:00,2025-11-06 09:24:00,204.66,205.2,-0.26385224274405944
NCC,SHORT,2025-11-10 09:16:00,2025-11-10 09:37:00,192.71,191.48,0.6382647501427109
NCC,SHORT,2025-11-11 09:36:00,2025-11-11 09:44:00,186.2,186.43,-0.12352309344791526
NCC,SHORT,2025-11-13 09:59:00,2025-11-13 10:00:00,185.37,185.73,-0.19420618223012634
NCC,LONG,2025-11-14 09:55:00,2025-11-14 10:01:00,185.47,185.08,-0.21027659459750164
NCC,SHORT,2025-11-19 09:46:00,2025-11-19 09:53:00,179.92,180.3,-0.21120497999112045
NESTLEIND,LONG,2025-11-13 09:54:00,2025-11-13 10:31:00,1277.1,1283.2,0.477644663691186
NHPC,SHORT,2025-11-06 09:17:00,2025-11-06 09:29:00,82.57,82.58,-0.012110936175372553
NHPC,SHORT,2025-11-06 09:51:00,2025-11-06 09:54:00,82.18,82.38,-0.24336821611096204
NHPC,SHORT,2025-11-07 09:16:00,2025-11-07 09:40:00,81.0,80.71,0.35802469135803244
NHPC,SHORT,2025-11-14 09:43:00,2025-11-14 09:46:00,81.04,81.17,-0.16041461006909608
NHPC,SHORT,2025-11-18 09:50:00,2025-11-18 10:03:00,80.43,80.47,-0.04973268680839492
NMDC,SHORT,2025-11-04 09:17:00,2025-11-04 09:37:00,75.0,74.76,0.3199999999999932
NMDC,LONG,2025-11-10 09:18:00,2025-11-10 09:40:00,74.95,75.86,1.2141427618412228
NMDC,SHORT,2025-11-11 09:37:00,2025-11-11 09:41:00,74.5,74.66,-0.21476510067113636
NMDC,LONG,2025-11-12 09:57:00,2025-11-12 09:59:00,77.17,76.99,-0.23325126344435249
NMDC,SHORT,2025-11-20 09:49:00,2025-11-20 10:00:00,74.5,74.49,0.013422818791953176
NTPC,SHORT,2025-11-04 09:54:00,2025-11-04 10:11:00,332.85,331.6,0.3755445395823944
NTPC,SHORT,2025-11-18 09:42:00,2025-11-18 09:58:00,328.0,327.75,0.07621951219512195
NYKAA,LONG,2025-11-04 09:44:00,2025-11-04 09:47:00,251.2,250.53,-0.26671974522292496
NYKAA,LONG,2025-11-10 09:17:00,2025-11-10 09:38:00,252.28,254.54,0.8958300301252541
NYKAA,LONG,2025-11-13 09:47:00,2025-11-13 09:55:00,257.19,256.69,-0.19440880283059217
NYKAA,LONG,2025-11-17 09:38:00,2025-11-17 09:50:00,261.17,262.5,0.5092468507102592
NYKAA,LONG,2025-11-21 09:36:00,2025-11-21 09:48:00,272.05,271.6,-0.1654107700790254
OBEROIRLTY,LONG,2025-11-03 09:48:00,2025-11-03 09:57:00,1809.1,1804.5,-0.2542700790448239
OBEROIRLTY,LONG,2025-11-04 09:16:00,2025-11-04 09:20:00,1823.6,1816.9,-0.3674051327045305
OBEROIRLTY,SHORT,2025-11-14 09:54:00,2025-11-14 10:08:00,1749.8,1747.0,0.1600182878043179
OBEROIRLTY,SHORT,2025-11-18 09:45:00,2025-11-18 10:02:00,1715.3,1713.6,0.09910802775025042
OBEROIRLTY,SHORT,2025-11-19 09:16:00,2025-11-19 09:23:00,1697.0,1697.0,-0.0
OBEROIRLTY,SHORT,2025-11-21 09:18:00,2025-11-21 09:27:00,1698.9,1698.1,0.04708929307199846
OIL,LONG,2025-11-04 09:50:00,2025-11-04 09:59:00,437.0,436.5,-0.11441647597254005
OIL,LONG,2025-11-12 09:19:00,2025-11-12 09:34:00,443.5,446.4,0.6538895152198371
OIL,SHORT,2025-11-13 09:54:00,2025-11-13 10:00:00,433.85,435.3,-0.3342168952402878
ONGC,SHORT,2025-11-13 09:16:00,2025-11-13 09:28:00,249.75,249.35,0.16016016016016243
PAGEIND,SHORT,2025-11-10 09:16:00,2025-11-10 09:18:00,39570.0,39740.0,-0.429618397776093
PAGEIND,LONG,2025-11-17 09:27:00,2025-11-17 09:33:00,40360.0,40155.0,-0.5079286422200198
PAGEIND,SHORT,2025-11-18 09:41:00,2025-11-18 10:02:00,39140.0,39015.0,0.31936637710781807
PAGEIND,SHORT,2025-11-19 09:49:00,2025-11-19 09:55:00,38940.0,38965.0,-0.06420133538777606
PAGEIND,LONG,2025-11-21 09:47:00,2025-11-21 09:51:00,38660.0,38600.0,-0.1551991722710812
PAYTM,LONG,2025-11-06 09:16:00,2025-11-06 09:28:00,1315.1,1310.6,-0.342179301954224
PAYTM,LONG,2025-11-07 09:50:00,2025-11-07 10:17:00,1323.7,1341.5,1.3447155699931974
PERSISTENT,LONG,2025-11-11 09:41:00,2025-11-11 09:49:00,5993.5,5976.0,-0.29198298156336033
PERSISTENT,LONG,2025-11-13 09:45:00,2025-11-13 09:55:00,6144.0,6141.0,-0.048828125
PERSISTENT,LONG,2025-11-19 09:16:00,2025-11-19 09:36:00,6138.0,6223.0,1.3848159009449332
PERSISTENT,LONG,2025-11-24 09:38:00,2025-11-24 09:44:00,6405.0,6400.0,-0.078064012490242
PETRONET,LONG,2025-11-10 09:20:00,2025-11-10 09:25:00,281.8,279.8,-0.7097232079488999
PETRONET,LONG,2025-11-12 09:54:00,2025-11-12 09:57:00,282.75,282.15,-0.2122015915119444
PIDILITIND,LONG,2025-11-03 09:41:00,2025-11-03 09:44:00,1468.0,1464.3,-0.25204359673024834
PIDILITIND,SHORT,2025-11-04 09:47:00,2025-11-04 09:52:00,1457.6,1459.3,-0.11663007683864199
PIDILITIND,LONG,2025-11-12 09:39:00,2025-11-12 09:47:00,1482.9,1481.0,-0.12812731809293215
PIDILITIND,SHORT,2025-11-14 09:54:00,2025-11-14 09:55:00,1469.0,1471.6,-0.17699115044247168
PIDILITIND,SHORT,2025-11-20 09:54:00,2025-11-20 10:01:00,1478.9,1480.0,-0.07437960646425783
PIDILITIND,SHORT,2025-11-24 09:47:00,2025-11-24 09:53:00,1467.6,1468.5,-0.061324611610799336
PNB,LONG,2025-11-04 09:52:00,2025-11-04 09:55:00,123.58,123.14,-0.3560446674219111
PNB,LONG,2025-11-12 09:36:00,2025-11-12 09:39:00,123.05,122.76,-0.2356765542462349
POLICYBZR,LONG,2025-11-03 09:49:00,2025-11-03 09:54:00,1787.4,1782.8,-0.2573570549401441
POLICYBZR,SHORT,2025-11-13 09:17:00,2025-11-13 09:24:00,1763.2,1759.8,0.19283121597096703
POLICYBZR,LONG,2025-11-19 09:54:00,2025-11-19 10:03:00,1822.7,1820.9,-0.09875459483184036
POLICYBZR,SHORT,2025-11-20 09:37:00,2025-11-20 09:56:00,1848.1,1836.6,0.6222607001785618
POONAWALLA,SHORT,2025-11-06 09:40:00,2025-11-06 09:58:00,464.65,463.85,0.17217260303453236
POONAWALLA,SHORT,2025-11-11 09:36:00,2025-11-11 09:44:00,455.8,456.15,-0.076788064940756
POONAWALLA,SHORT,2025-11-14 09:16:00,2025-11-14 09:31:00,472.5,472.5,-0.0
POONAWALLA,SHORT,2025-11-24 09:35:00,2025-11-24 09:49:00,464.5,464.45,0.010764262648011058
POWERGRID,SHORT,2025-11-04 09:16:00,2025-11-04 09:33:00,280.95,279.8,0.40932550275848983
POWERGRID,SHORT,2025-11-06 09:17:00,2025-11-06 09:29:00,274.1,272.8,0.47427946005108035
POWERGRID,SHORT,2025-11-18 09:50:00,2025-11-18 09:58:00,273.05,273.5,-0.16480498077274808
PRESTIGE,LONG,2025-11-03 09:40:00,2025-11-03 09:43:00,1760.0,1755.1,-0.2784090909090961
PRESTIGE,LONG,2025-11-13 09:16:00,2025-11-13 09:32:00,1740.4,1747.6,0.41369800045965394
PRESTIGE,SHORT,2025-11-14 09:52:00,2025-11-14 10:06:00,1737.5,1729.2,0.4776978417266161
PRESTIGE,LONG,2025-11-17 09:16:00,2025-11-17 09:24:00,1772.1,1763.7,-0.47401388183510323
PRESTIGE,SHORT,2025-11-20 09:45:00,2025-11-20 09:48:00,1702.9,1705.9,-0.17617006283398906
RAIN,LONG,2025-11-06 09:16:00,2025-11-06 09:22:00,136.0,136.0,0.0
RAIN,LONG,2025-11-07 09:16:00,2025-11-07 09:18:00,136.44,135.28,-0.8501905599530905
RAIN,SHORT,2025-11-11 09:16:00,2025-11-11 09:26:00,126.28,126.66,-0.30091859360151685
RAIN,SHORT,2025-11-11 09:34:00,2025-11-11 09:37:00,125.34,126.04,-0.5584809318653285
RAIN,SHORT,2025-11-18 09:50:00,2025-11-18 10:11:00,115.87,116.15,-0.24165012514024434
RAIN,SHORT,2025-11-20 09:42:00,2025-11-20 09:46:00,112.09,112.75,-0.5888125613346388
RAIN,SHORT,2025-11-21 09:16:00,2025-11-21 09:22:00,112.4,113.0,-0.5338078291814896
RAIN,SHORT,2025-11-21 09:55:00,2025-11-21 10:03:00,111.84,111.9,-0.053648068669529925
RAMCOCEM,LONG,2025-11-06 09:16:00,2025-11-06 09:20:00,1042.9,1033.6,-0.8917441748969394
RAMCOCEM,SHORT,2025-11-12 09:42:00,2025-11-12 09:47:00,1001.2,1002.4,-0.11985617259288171
RAMCOCEM,SHORT,2025-11-13 09:58:00,2025-11-13 10:07:00,1000.6,1001.4,-0.07995202878272582
RAMCOCEM,SHORT,2025-11-14 09:45:00,2025-11-14 10:00:00,977.1,980.0,-0.2967966431276202
RAMCOCEM,LONG,2025-11-17 09:37:00,2025-11-17 09:45:00,992.3,990.8,-0.15116396251133732
RECLTD,SHORT,2025-11-06 09:48:00,2025-11-06 10:00:00,368.5,368.55,-0.013568521031210683
RECLTD,SHORT,2025-11-18 09:19:00,2025-11-18 09:23:00,359.05,359.75,-0.19495891937055804
RECLTD,SHORT,2025-11-18 09:50:00,2025-11-18 09:53:00,358.85,359.4,-0.15326738191443626
RECLTD,SHORT,2025-11-21 09:55:00,2025-11-21 10:08:00,359.5,358.8,0.19471488178024718
RELIANCE,LONG,2025-11-17 09:41:00,2025-11-17 09:51:00,1523.0,1522.3,-0.0459619172685519
SAIL,LONG,2025-11-03 09:36:00,2025-11-03 09:45:00,138.2,137.35,-0.6150506512300973
SAIL,LONG,2025-11-04 09:44:00,2025-11-04 09:47:00,140.67,140.1,-0.40520366815951747
SAIL,SHORT,2025-11-07 09:16:00,2025-11-07 09:25:00,134.96,136.34,-1.0225251926496706
SAIL,SHORT,2025-11-18 09:17:00,2025-11-18 09:46:00,140.24,138.09,1.5330861380490626
SAIL,SHORT,2025-11-20 09:49:00,2025-11-20 10:06:00,138.96,138.66,0.21588946459413597
SBICARD,LONG,2025-11-03 09:55:00,2025-11-03 10:12:00,886.35,886.0,-0.0394877869915973
SBICARD,LONG,2025-11-04 09:43:00,2025-11-04 10:04:00,893.75,895.35,0.17902097902098157
SBICARD,SHORT,2025-11-11 09:50:00,2025-11-11 09:52:00,862.7,865.6,-0.3361539353193436
SBICARD,LONG,2025-11-17 09:37:00,2025-11-17 09:42:00,882.1,879.65,-0.2777462872690223
SBICARD,SHORT,2025-11-19 09:49:00,2025-11-19 09:54:00,856.2,858.7,-0.29198785330530247
SBILIFE,LONG,2025-11-04 09:57:00,2025-11-04 10:07:00,1975.8,1973.7,-0.1062860613422365
SBILIFE,LONG,2025-11-07 09:48:00,2025-11-07 09:53:00,1977.6,1974.0,-0.18203883495145173
SBILIFE,SHORT,2025-11-13 09:20:00,2025-11-13 09:25:00,1976.6,1983.1,-0.32884751593645656
SBILIFE,LONG,2025-11-18 09:37:00,2025-11-18 09:48:00,1999.4,1996.7,-0.13504051215364837
SBILIFE,SHORT,2025-11-24 09:40:00,2025-11-24 09:50:00,2012.5,2013.2,-0.03478260869565443
SHREECEM,SHORT,2025-11-04 09:42:00,2025-11-04 09:54:00,27930.0,27885.0,0.1611170784103115
SHREECEM,SHORT,2025-11-11 09:36:00,2025-11-11 09:44:00,26980.0,27020.0,-0.14825796886582654
SHREECEM,SHORT,2025-11-18 09:43:00,2025-11-18 09:59:00,26470.0,26390.0,0.3022289384208538
SIEMENS,LONG,2025-11-17 09:16:00,2025-11-17 09:31:00,3177.9,3160.5,-0.5475313886528869
SIEMENS,SHORT,2025-11-19 09:58:00,2025-11-19 10:14:00,3217.0,3214.8,0.06838669567919857
SJVN,SHORT,2025-11-06 09:17:00,2025-11-06 09:30:00,86.73,86.66,0.08071025020178414
SJVN,SHORT,2025-11-07 09:17:00,2025-11-07 09:29:00,85.11,84.99,0.14099400775467577
SJVN,SHORT,2025-11-11 09:18:00,2025-11-11 09:28:00,83.5,83.66,-0.1916167664670618
SJVN,SHORT,2025-11-21 09:55:00,2025-11-21 10:03:00,81.21,81.27,-0.07388252678241877
SONACOMS,LONG,2025-11-03 09:45:00,2025-11-03 09:48:00,481.45,479.9,-0.3219441271160061
SONACOMS,LONG,2025-11-10 09:50:00,2025-11-10 09:56:00,493.2,492.7,-0.1013787510137875
SONACOMS,LONG,2025-11-13 09:27:00,2025-11-13 09:34:00,499.45,498.05,-0.2803083391730859
SONACOMS,LONG,2025-11-20 09:59:00,2025-11-20 10:03:00,507.75,506.35,-0.2757262432299315
SONACOMS,LONG,2025-11-21 09:29:00,2025-11-21 09:40:00,513.7,515.75,0.3990656024917178
SRF,LONG,2025-11-11 09:16:00,2025-11-11 09:17:00,2917.9,2904.2,-0.46951574762672715
SRF,LONG,2025-11-11 09:45:00,2025-11-11 09:50:00,2903.6,2900.0,-0.12398401983744005
STARCEMENT,LONG,2025-11-04 09:19:00,2025-11-04 09:24:00,264.75,263.4,-0.5099150141643145
STARCEMENT,LONG,2025-11-17 09:54:00,2025-11-17 09:58:00,237.95,236.85,-0.4622819920151269
STARCEMENT,LONG,2025-11-19 09:42:00,2025-11-19 09:51:00,230.55,230.6,0.021687269572753392
STARCEMENT,SHORT,2025-11-21 09:46:00,2025-11-21 09:58:00,226.55,226.25,0.1324210990951275
SUNPHARMA,SHORT,2025-11-06 09:38:00,2025-11-06 09:47:00,1687.2,1688.9,-0.10075865339023503
SUPREMEIND,SHORT,2025-11-13 09:49:00,2025-11-13 09:54:00,3810.0,3822.7,-0.33333333333332854
SUPREMEIND,SHORT,2025-11-14 09:42:00,2025-11-14 09:46:00,3784.6,3791.2,-0.17439095280874886
SUPREMEIND,SHORT,2025-11-21 09:16:00,2025-11-21 09:36:00,3495.7,3494.6,0.0314672311697202
TATACHEM,LONG,2025-11-04 09:43:00,2025-11-04 09:53:00,887.75,888.1,0.039425513939737845
TATACHEM,SHORT,2025-11-13 09:31:00,2025-11-13 09:44:00,849.1,847.8,0.1531032858320655
TATACHEM,SHORT,2025-11-18 09:17:00,2025-11-18 09:26:00,830.0,831.25,-0.15060240963855423
TATACHEM,SHORT,2025-11-19 09:21:00,2025-11-19 09:24:00,822.55,824.3,-0.2127530241322716
TATACOMM,LONG,2025-11-04 09:25:00,2025-11-04 09:28:00,1935.0,1924.7,-0.5322997416020648
TATACOMM,SHORT,2025-11-06 09:58:00,2025-11-06 10:00:00,1887.0,1892.8,-0.3073661897191285
TATACOMM,SHORT,2025-11-12 09:43:00,2025-11-12 10:05:00,1835.2,1822.4,0.6974716652135982
TATACOMM,LONG,2025-11-13 09:21:00,2025-11-13 09:30:00,1866.9,1860.3,-0.35352723766672756
TATACOMM,LONG,2025-11-19 09:17:00,2025-11-19 09:21:00,1901.2,1892.1,-0.4786450662739394
TATACOMM,LONG,2025-11-21 09:22:00,2025-11-21 09:31:00,1940.2,1941.3,0.05669518606328776
TATACONSUM,LONG,2025-11-06 09:50:00,2025-11-06 10:02:00,1181.8,1182.5,0.059231680487395966
TATACONSUM,LONG,2025-11-12 09:21:00,2025-11-12 09:23:00,1163.5,1160.0,-0.30081650193382037
TATACONSUM,SHORT,2025-11-19 09:35:00,2025-11-19 09:37:00,1150.4,1153.5,-0.2694714881780171
TATAELXSI,LONG,2025-11-12 09:47:00,2025-11-12 09:56:00,5367.5,5359.0,-0.1583605030274802
TATAELXSI,SHORT,2025-11-21 09:16:00,2025-11-21 09:22:00,5318.5,5347.0,-0.5358653755758203
TATAPOWER,SHORT,2025-11-04 09:17:00,2025-11-04 09:30:00,403.95,403.0,0.2351776209926943
TATAPOWER,SHORT,2025-11-06 09:48:00,2025-11-06 10:00:00,398.9,398.05,0.21308598646276408
TATAPOWER,SHORT,2025-11-11 09:20:00,2025-11-11 09:22:00,393.65,394.5,-0.21592785469326123
TATAPOWER,SHORT,2025-11-18 09:48:00,2025-11-18 10:03:00,390.35,389.35,0.2561803509670808
TATAPOWER,LONG,2025-11-20 09:32:00,2025-11-20 09:34:00,391.8,390.7,-0.280755487493625
TATAPOWER,SHORT,2025-11-21 09:55:00,2025-11-21 10:06:00,387.7,387.65,0.012896569512512605
TATASTEEL,LONG,2025-11-13 09:16:00,2025-11-13 09:35:00,182.07,182.0,-0.03844675124951567
TATASTEEL,SHORT,2025-11-17 09:53:00,2025-11-17 09:57:00,172.81,173.25,-0.2546148949713545
TATASTEEL,SHORT,2025-11-18 09:49:00,2025-11-18 10:05:00,171.3,170.82,0.28021015761822426
TATASTEEL,SHORT,2025-11-20 09:58:00,2025-11-20 10:01:00,172.72,173.16,-0.25474756831866474
TCS,LONG,2025-11-12 09:47:00,2025-11-12 09:56:00,3099.4,3095.0,-0.14196296057301705
TCS,SHORT,2025-11-21 09:45:00,2025-11-21 09:49:00,3139.9,3147.9,-0.25478518424153634
TECHM,LONG,2025-11-19 09:47:00,2025-11-19 09:48:00,1432.5,1429.8,-0.18848167539267335
TECHM,LONG,2025-11-20 09:55:00,2025-11-20 10:04:00,1447.0,1451.0,0.27643400138217
TECHM,LONG,2025-11-24 09:22:00,2025-11-24 09:41:00,1492.1,1501.6,0.6366865491589037
TIINDIA,SHORT,2025-11-04 09:16:00,2025-11-04 09:20:00,3020.0,3029.9,-0.32781456953642685
TIINDIA,SHORT,2025-11-12 09:16:00,2025-11-12 09:20:00,2982.0,2991.1,-0.30516431924882326
TIINDIA,LONG,2025-11-17 09:59:00,2025-11-17 10:09:00,3084.9,3083.0,-0.06159032707705569
TITAN,SHORT,2025-11-11 09:49:00,2025-11-11 10:03:00,3788.7,3791.6,-0.07654340538971392
TITAN,LONG,2025-11-12 09:57:00,2025-11-12 10:04:00,3838.9,3832.6,-0.16410951053687728
TITAN,LONG,2025-11-19 09:43:00,2025-11-19 09:47:00,3906.1,3899.6,-0.16640639000537621
TITAN,LONG,2025-11-20 09:38:00,2025-11-20 09:43:00,3951.2,3947.1,-0.10376594452318054
TORNTPHARM,LONG,2025-11-10 09:16:00,2025-11-10 09:36:00,3704.8,3726.0,0.572230619736553
TORNTPHARM,SHORT,2025-11-18 09:39:00,2025-11-18 09:49:00,3791.2,3793.6,-0.06330449461912036
TORNTPOWER,SHORT,2025-11-06 09:16:00,2025-11-06 09:30:00,1290.0,1286.4,0.2790697674418534
TORNTPOWER,SHORT,2025-11-06 09:49:00,2025-11-06 10:02:00,1281.5,1279.5,0.15606710885680844
TORNTPOWER,LONG,2025-11-11 09:16:00,2025-11-11 09:18:00,1318.7,1312.3,-0.48532645787518697
TORNTPOWER,SHORT,2025-11-18 09:50:00,2025-11-18 10:03:00,1307.4,1306.9,0.038243842741318645
TORNTPOWER,LONG,2025-11-20 09:16:00,2025-11-20 09:17:00,1306.1,1303.0,-0.23734782941581115
TVSMOTOR,LONG,2025-11-04 09:52:00,2025-11-04 10:02:00,3502.8,3505.2,0.06851661527919482
TVSMOTOR,LONG,2025-11-18 09:18:00,2025-11-18 09:23:00,3492.8,3483.9,-0.2548098946404057
UNIONBANK,SHORT,2025-11-21 09:18:00,2025-11-21 09:33:00,151.96,152.12,-0.10529086601737073
UNIONBANK,SHORT,2025-11-21 09:35:00,2025-11-21 09:44:00,151.12,151.19,-0.04632080465854498
UPL,SHORT,2025-11-07 09:45:00,2025-11-07 09:47:00,721.4,727.2,-0.8039922373163388
UPL,LONG,2025-11-12 09:19:00,2025-11-12 09:32:00,761.55,761.65,0.01313111417504074
UPL,LONG,2025-11-17 09:16:00,2025-11-17 09:24:00,767.35,764.4,-0.38443995569167205
UPL,LONG,2025-11-24 09:53:00,2025-11-24 10:00:00,754.75,754.4,-0.046372971182513774
VBL,SHORT,2025-11-13 09:43:00,2025-11-13 09:49:00,455.85,456.5,-0.14259076450586317
VBL,SHORT,2025-11-18 09:35:00,2025-11-18 10:10:00,457.15,455.3,0.40468117685660415
VEDL,LONG,2025-11-10 09:16:00,2025-11-10 09:25:00,524.35,522.0,-0.4481739296271618
VEDL,LONG,2025-11-11 09:51:00,2025-11-11 10:04:00,522.15,522.9,0.14363688595231255
VEDL,LONG,2025-11-12 09:30:00,2025-11-12 09:38:00,527.9,527.05,-0.1610153438151208
VEDL,LONG,2025-11-13 09:16:00,2025-11-13 09:40:00,528.5,531.5,0.5676442762535477
VEDL,SHORT,2025-11-18 09:49:00,2025-11-18 10:18:00,512.45,509.75,0.5268806712850123
VEDL,SHORT,2025-11-21 09:58:00,2025-11-21 10:12:00,505.05,505.05,-0.0
VOLTAS,LONG,2025-11-10 09:36:00,2025-11-10 10:06:00,1320.9,1326.9,0.45423574835339536
WIPRO,SHORT,2025-11-18 09:43:00,2025-11-18 09:56:00,242.03,241.79,0.09916126100070616
YESBANK,SHORT,2025-11-21 09:56:00,2025-11-21 09:59:00,22.35,22.38,-0.13422818791945226
ZEEL,LONG,2025-11-04 09:32:00,2025-11-04 09:46:00,102.3,102.39,0.08797653958944615
